[
  {
    "id": "eLs_IamabW8",
    "titulo": "(05.01.26 - 18h30) Santa Missa | Tempo do Natal depois da Epifania | Segunda-feira",
    "thumbnail": "https://i.ytimg.com/vi/eLs_IamabW8/hqdefault_live.jpg",
    "data_publicacao": "2026-01-05T16:00:32Z",
    "isLive": true,
    "isUpcoming": false
  },
  {
    "id": "kaQpzazRyFo",
    "titulo": "(11.01.26 - 11h)  Santa Missa | Batismo do Senhor | Festa | Domingo",
    "thumbnail": "https://i.ytimg.com/vi/kaQpzazRyFo/hqdefault_live.jpg",
    "data_publicacao": "2026-01-05T16:08:14Z",
    "isLive": false,
    "isUpcoming": true
  },
  {
    "id": "b5nq4XJOnlA",
    "titulo": "(11.01.26 - 19h)  Santa Missa | Batismo do Senhor | Festa | Domingo",
    "thumbnail": "https://i.ytimg.com/vi/b5nq4XJOnlA/hqdefault_live.jpg",
    "data_publicacao": "2026-01-05T16:07:42Z",
    "isLive": false,
    "isUpcoming": true
  },
  {
    "id": "pw1aXyMXr8M",
    "titulo": "(04.01.26 - 17h)  Santa Missa | Epifania do Senhor, Solenidade | Domingo",
    "thumbnail": "https://i.ytimg.com/vi/pw1aXyMXr8M/hqdefault.jpg",
    "data_publicacao": "2026-01-05T11:24:57Z",
    "isLive": false,
    "isUpcoming": false
  },
  {
    "id": "XWhBBjuDRio",
    "titulo": "(04.01.26 - 19h)  Santa Missa | Epifania do Senhor, Solenidade | Domingo",
    "thumbnail": "https://i.ytimg.com/vi/XWhBBjuDRio/hqdefault.jpg",
    "data_publicacao": "2026-01-05T00:36:03Z",
    "isLive": false,
    "isUpcoming": false
  },
  {
    "id": "1-jyj2nVANI",
    "titulo": "(04.01.26 - 11h)  Santa Missa | Epifania do Senhor, Solenidade | Domingo",
    "thumbnail": "https://i.ytimg.com/vi/1-jyj2nVANI/hqdefault.jpg",
    "data_publicacao": "2026-01-04T16:31:17Z",
    "isLive": false,
    "isUpcoming": false
  },
  {
    "id": "9ngfrry87ws",
    "titulo": "(03.01.26 - 7h30) Terço Mariano | Babi Maria | Paróquia Nossa Senhora da Glória",
    "thumbnail": "https://i.ytimg.com/vi/9ngfrry87ws/hqdefault.jpg",
    "data_publicacao": "2026-01-04T02:01:25Z",
    "isLive": false,
    "isUpcoming": false
  },
  {
    "id": "2GEVoipLtqM",
    "titulo": "(03.01.26 - 18h30) Santa Missa | Epifania do Senhor, Solenidade | Sábado",
    "thumbnail": "https://i.ytimg.com/vi/2GEVoipLtqM/hqdefault.jpg",
    "data_publicacao": "2026-01-03T23:37:39Z",
    "isLive": false,
    "isUpcoming": false
  },
  {
    "id": "T78489PKB6U",
    "titulo": "(02.01.26 - 18h30) Santa Missa | Santos Basílio Magno e Gregório Nazianzeno | Memória | Sexta-feira",
    "thumbnail": "https://i.ytimg.com/vi/T78489PKB6U/hqdefault.jpg",
    "data_publicacao": "2026-01-03T00:08:17Z",
    "isLive": false,
    "isUpcoming": false
  },
  {
    "id": "OoZ7zMZWgtc",
    "titulo": "(01.01.26 - 19h) Santa Missa | Santa Maria, Mãe de Deus, Solenidade | Quinta-feira",
    "thumbnail": "https://i.ytimg.com/vi/OoZ7zMZWgtc/hqdefault.jpg",
    "data_publicacao": "2026-01-02T00:45:04Z",
    "isLive": false,
    "isUpcoming": false
  },
  {
    "id": "jIir8dWOp7c",
    "titulo": "(31.12.25 - 19h)  Santa Missa Santa Maria, Mãe de Deus, Solenidade | Quinta-feira",
    "thumbnail": "https://i.ytimg.com/vi/jIir8dWOp7c/hqdefault.jpg",
    "data_publicacao": "2026-01-01T00:47:08Z",
    "isLive": false,
    "isUpcoming": false
  },
  {
    "id": "cTxLSHARTSg",
    "titulo": "(14.09.25 - 11h) Santa Missa | Exaltação da Santa Cruz - Festa | Domingo",
    "thumbnail": "https://i.ytimg.com/vi/cTxLSHARTSg/hqdefault.jpg",
    "data_publicacao": "2025-09-14T16:20:49Z",
    "isLive": false,
    "isUpcoming": false
  },
  {
    "id": "p16HveJozMw",
    "titulo": "(11.08.25 - 19h) Santa Missa | Dom Aurélio | Glória 25",
    "thumbnail": "https://i.ytimg.com/vi/p16HveJozMw/hqdefault.jpg",
    "data_publicacao": "2025-08-12T01:10:20Z",
    "isLive": false,
    "isUpcoming": false
  }
]